<?xml version='1.0' encoding='utf-8'?>
<!DOCTYPE hibernate-configuration PUBLIC
    "-//Hibernate/Hibernate Configuration DTD//EN"
    "http://www.hibernate.org/dtd/hibernate-configuration-3.0.dtd">
<hibernate-configuration>
  <session-factory>
    <property name="hibernate.dialect">org.hibernate.dialect.MySQLDialect</property>
    <property name="hibernate.connection.driver_class">com.mysql.jdbc.Driver</property>
    <property name="hibernate.connection.url">jdbc:mysql://localhost:3306/my_app?zeroDateTimeBehavior=convertToNull</property>
    <property name="hibernate.connection.username">damian</property>
    <property name="hibernate.connection.password">damian</property>

    <property name="hibernate.id.new_generator_mappings">true</property>
    <property name="show_sql">true</property>
    <property name="connection.pool_size">10</property>
    <property name="hibernate.hbm2ddl.auto">update</property>

    <mapping class="com.applicationweb.app.ws.io.entity.UserEntity"></mapping>
  </session-factory>
</hibernate-configuration>